"","PIDN","Age","Group"
"1",8228,44.7484275313948,"DrugB"
"2",8435,49.3518606798882,"DrugA"
"3",8718,52.6948868448897,"DrugB"
"4",8823,53.8737147959533,"DrugB"
"5",8843,52.6039563416655,"DrugA"
"6",8708,54.5154642586571,"Placebo"
"7",8774,51.5371349369425,"DrugB"
"8",8703,49.5454332170225,"DrugB"
"9",8998,52.2322698630951,"DrugA"
"10",8476,51.8680390111222,"DrugB"
